"url","collect","tags_str"
"111.250.160.6/kbcapital.apk","1597276800","['generic']"
"154.206.147.115/kbsbk24","1597276800","['generic']"
"154.206.147.115/kbsbk24/app23/kbbank.apk","1597276800","['generic']"
"185.159.82.55/un/un.php","1597276800","['generic']"
"209.141.47.92/heyurlhause","1597276800","['generic']"
"20gbhediniz.online/yukletr/20gbhediyeinternet.apk","1597276800","['generic']"
"36.229.31.54/hana.apk","1597276800","['generic']"
"360diag.net/download2","1597276800","['generic']"
"6730dartmouth.com/wp-keys.php","1597276800","['generic']"
"6kd743o1w.com/bolb/jaent.php?l=liut7.cab","1597276800","['generic']"
"88.119.174.241/cal4.dll","1597276800","['generic']"
"9bgnq.com/iz5/yaca.php?l=t.co/tklowrswns","1597276800","['generic']"
"a-haber-s-os-y-al-de-st-ek.com/edestek.apk","1597276800","['generic']"
"aaaaaaaaaaaaswwwwwwwwwwwwa.t.co/mhealvlsmp","1597276800","['generic']"
"abodeflashplayre.xyz/flashplayer.apk","1597276800","['generic']"
"acccccccccca.s3.eu-central-1.amazonaws.com/evdekaliyorum.apk","1597276800","['generic']"
"actualizarahora.xyz/update.apk","1597276800","['generic']"
"aghacks.xyz/wp-index.php","1597276800","['generic']"
"ailevesosyalhizmetlervakf.com/pandemi.apk","1597276800","['generic']"
"aisunani.oss-ap-southeast-3.aliyuncs.com/appeal","1597276800","['c2']"
"akcje.browarbrodacz.pl/wp-keys.php","1597276800","['generic']"
"alibabagrup00000.cf/sing/?yee1","1597276800","['generic']"
"allegro-aplikacja.net/allegro.apk","1597276800","['generic']"
"anatoliadrilling.com/wp-keys.php","1597276800","['generic']"
"androidguncelleme.net/androidguncelleme.apk","1597276800","['generic']"
"androidveriguncelleme.com/operatorguncellemesi.apk","1597276800","['generic']"
"androidyazilimguncelleme.com/androidguncelleme.apk","1597276800","['generic']"
"apkplayonline.com/allegro.apk","1597276800","['generic']"
"aplikacjeplay24.com/allegro.apk","1597276800","['generic']"
"assistantadobeflashplayer.digital/download/update_4_6_0.apk","1597276800","['generic']"
"atemschutzmasken-schutzmasken.de/wp-keys.php","1597276800","['generic']"
"australian-boots.nl/wp-keys.php","1597276800","['generic']"
"ballista.vn/wp-keys.php","1597276800","['generic']"
"baritaco.com/mnxorig_nzfkvnvm183.bin","1597276800","['generic']"
"bashupload.com/chllb/egiftcard_f.apk?download=1","1597276800","['generic']"
"bdvan.com/wp-keys.php","1597276800","['generic']"
"billboardonline.live/view.php","1597276800","['generic']"
"bitcoincasinoreview.com/wp-keys.php","1597276800","['generic']"
"bitvshe.club/wp-keys.php","1597276800","['generic']"
"brazzers-top.ru/adodeflashplayer.apk","1597276800","['generic']"
"bullse.oss-ap-southeast-5.aliyuncs.com/global","1597276800","['c2']"
"bullse.oss-ap-southeast-5.aliyuncs.com/puzzle.aac","1597276800","['c2']"
"cardskool.com/wp-keys.php","1597276800","['generic']"
"cdn.discordapp.com/attachments/688019121434132522/734442209448951818","1597276800","['generic']"
"cdn.discordapp.com/attachments/688019121434132522/739498215010729994/e-devletsosyaldestek.apk","1597276800","['generic']"
"cdn.discordapp.com/attachments/736759209797877802/736759294678007859/discord_nitro_codes.exe","1597276800","['generic']"
"cevirkzansendekazan.com/cevirdikcekazan.apk","1597276800","['generic']"
"charlesengineering.in/wp-keys.php","1597276800","['generic']"
"chiarizzimooca-lancamento.com.br/wp-keys.php","1597276800","['generic']"
"ckrlmay.ml/pkz/five/fre.php","1597276800","['generic']"
"cooperativa-mobile.ml/adobe-pdf.apk","1597276800","['generic']"
"covid19-pandemidestek.xyz/pandemidestek.apk","1597276800","['generic']"
"covid19tracker.ph/covidtracker.apk","1597276800","['generic']"
"covidbet19.net/assets/mobile/covid19.apk","1597276800","['generic']"
"csdcsdcsdcs2.s3.eu-central-1.amazonaws.com/evdekaliyorum.apk","1597276800","['generic']"
"current9.com.ng/wp-keys.php","1597276800","['generic']"
"cutt.ly/gdvaeui","1597276800","['generic']"
"d7uap.com/iz5/yaca.php?l=t.co/2cf3kbdstp","1597276800","['generic']"
"dadasxxx33.s3.eu-central-1.amazonaws.com/evdeyasamvar20gb.apk","1597276800","['generic']"
"dadsdadasxzzxxzxz.s3.eu-central-1.amazonaws.com/evdeyasamvar20gb.apk","1597276800","['generic']"
"danyalpakhsh.ir/wp-keys.php","1597276800","['generic']"
"dcws-ev.com/wp-keys.php","1597276800","['generic']"
"descargarnuevoflashplayer2020.com/adobe_flash_2020.apk","1597276800","['generic']"
"deta1.s3.eu-central-1.amazonaws.com/evdehayatvar20gb.apk","1597276800","['generic']"
"dfsfdsfsdfsdfsdfdssfddfssdf.s3.eu-central-1.amazonaws.com/evdekaliyorum.apk","1597276800","['generic']"
"discordapp.com/api/webhooks/739764002044772455/gkwpl3lparhmgtonklfijhp_cczlpxk0-cc6rig5bathzdskdklagahqsompec1dynb-","1597276800","['c2']"
"disturbancology.com/info","1597276800","['generic']"
"doorbhai.com/wp-keys.php","1597276800","['generic']"
"dropbox.lightsculpters.com/?need=dfgee52&amp","1597276800","['generic']"
"e-basvurudevletdestegi.online/indir","1597276800","['generic']"
"e-basvurudevletdestegi.online/indir/edestek.apk","1597276800","['generic']"
"e-pandemigiriswepsiteleri.com/edestek.apk","1597276800","['generic']"
"e-pandemitr.com/edestek.apk","1597276800","['generic']"
"e-pandemiwebgiris.com/edestek.apk","1597276800","['generic']"
"ekonomik-paket-20gb-turkcell.com/turkcell.apk","1597276800","['generic']"
"epandemikamuu.com/can_obf.apk","1597276800","['generic']"
"epyorke.edu.bz/libraries/fuckelvira.exe","1597276800","['generic']"
"error-administrative.space/crime/adodeflashplayer.apk","1597276800","['generic']"
"faaaaaaaaswwwwwws.t.co/mhealvlsmp","1597276800","['generic']"
"facebook.monprofil.online/qui-visite-mon-profil-facebook.apk","1597276800","['generic']"
"fafafa1s.s3.eu-central-1.amazonaws.com/evdekaliyorum.apk","1597276800","['generic']"
"fasfasfs23.s3.eu-central-1.amazonaws.com/evdekaliyorum.apk","1597276800","['generic']"
"fedafedafafea12.s3.eu-central-1.amazonaws.com/evdeyasamvar20gb.apk","1597276800","['generic']"
"fesafesafesafesaas.s3.eu-central-1.amazonaws.com/evdeyasamvar20gb.apk","1597276800","['generic']"
"files.lauragoes.com/l/o.php","1597276800","['generic']"
"fireeyee.com/reports/fireeye_singapore_apt.docm","1597276800","['generic']"
"flahsplayerups.xyz/flashplayer.apk","1597276800","['generic']"
"flidot.com/wp-keys.php","1597276800","['generic']"
"foranymefc.site/mms3/download_2.php","1597276800","['generic']"
"fswaeste.co.uk/curh.vbs","1597276800","['generic']"
"fumblingfuture.monster/apiservices-files39915/down","1597276800","['generic']"
"g7ah9a.com/cudo/tomys.php?l=rubi8.cab","1597276800","['generic']"
"github.com/newtiktokpro/login","1597276800","['generic']"
"github.com/tiagorlampert/saint","1597276800","['generic']"
"globalfilipino.net/wp-keys.php","1597276800","['generic']"
"govaj.com/w1g","1597276800","['generic']"
"hardsay.oss-ap-southeast-5.aliyuncs.com/letrans.jpg","1597276800","['generic']"
"hardwarestandards.shop/floweif","1597276800","['c2']"
"hardwarestandards.shop/floweii","1597276800","['generic']"
"hardwarestandards.shop/flowejc","1597276800","['c2']"
"hizmet-turkiye.com/pandemi-destek/edestek.apk.apk","1597276800","['generic']"
"hotel-city.net/wp-keys.php","1597276800","['generic']"
"http:/ak.imgfarm.com/images/nocache/vicinio/100000417/19562-111117113753/j2ffxtbr-bs@soccerinferno.com.xpi","1597276800","['malware']"
"http:/childcaresm.com/linkedin/source/root.php?email=hajime.hirai@uniqlo.com.cn","1597276800","['phishing']"
"http:/controlware.com.bd/wwwwww/china/logistic/intraship/emss.php?l=_jehfuq_vjoxk0qwhtogydw1774256418&fid.13inboxlight.aspxn.1774256418&fid.125289964252813inboxlight99642_product-email&email=ouazzani@zitron.com","1597276800","['phishing']"
"http:/epa.galamstop.org/?email=victor.semah@cyxtera.com","1597276800","['malware']"
"http:/euroscitech.com/we-transferfiles/components/?email=sales@kitchen-arena.com.my","1597276800","['phishing']"
"http:/forumasik.com/message/hotmail/login.php?l=_jehfuq_vjoxk0qwhtogydw_product-userid&amp;userid=enrique.ruecker@slclogin.com","1597276800","['phishing']"
"http:/gabonembassyuk.co.uk/wp-content/upload2020/aliyunnew2/index.php?email=zhaoyiwei@sasac.gov.cn","1597276800","['phishing']"
"http:/iitee.net/includes/y/6858h5.php-1462817469-1-17cf3b045f49254b267830c816f33b1717cf3b045f49254b267830c816f33b1717cf3b045f49254b267830c816f33b17-azadbuil@yahoo.com.com.php","1597276800","['phishing']"
"http:/inbioma.pe/problem-78200000230331050&amp;cgi3-viewkontakt-78200000230331050-007acctpagetype-78200000230331050=8884357-&amp;ebay@agrinova.de.html","1597276800","['phishing']"
"http:/itmagazin.info/z/zz/deactivation/cmd-login=775e967f814116889dfd1e9c545561b7/error.php?email=beanlover@hanmail.net","1597276800","['phishing']"
"http:/jmpartsolutions.com.co/anfrage-037154924252921343&amp;cgi3-geschlossen-037154924252921343-009acctpagetype-037154924252921343=587829-anfrage&amp;post@kapterka.de.html","1597276800","['phishing']"
"http:/jmpartsolutions.com.co/anfrage-037154924252921343&cgi3-geschlossen-037154924252921343-009acctpagetype-037154924252921343=587829-anfrage&post@kapterka.de.html","1597276800","['phishing']"
"http:/jmpartsolutions.com.co/anfrage-1456370776217792&amp;cgi3-geschlossen-1456370776217792-009acctpagetype-1456370776217792=69459-anfrage&amp;ebay@herrenmodeshop.com.html","1597276800","['phishing']"
"http:/jmpartsolutions.com.co/anfrage-20470460611568&amp;cgi3-geschlossen-20470460611568-009acctpagetype-20470460611568=74140-anfrage&amp;ebay@koka-automaten.de.html","1597276800","['phishing']"
"http:/jmpartsolutions.com.co/anfrage-663226060082822&amp;cgi3-geschlossen-663226060082822-009acctpagetype-663226060082822=277338-anfrage&amp;mode-bochmann@web.de.html","1597276800","['phishing']"
"http:/jmpartsolutions.com.co/anfrage-940114288893525&amp;cgi3-geschlossen-940114288893525-009acctpagetype-940114288893525=988464-anfrage&amp;ebay@herrenmodeshop.com.html","1597276800","['phishing']"
"http:/kleanup.com/artikel-0715668105701162&amp;amp;amp;amp;cgi3-viewkontakt-0715668105701162-007acctpagetype-0715668105701162=734969-problema&amp;amp;amp;amp;info@sirina44.de.html","1597276800","['phishing']"
"http:/kleanup.com/artikel-0715668105701162&amp;cgi3-viewkontakt-0715668105701162-007acctpagetype-0715668105701162=734969-problema&amp;info@sirina44.de.html","1597276800","['phishing']"
"http:/kleanup.com/artikel-0715668105701162&cgi3-viewkontakt-0715668105701162-007acctpagetype-0715668105701162=734969-problema&info@sirina44.de.html","1597276800","['phishing']"
"http:/kleanup.com/artikel-402355949613728088&amp;amp;amp;amp;amp;cgi3-viewkontakt-402355949613728088-007acctpagetype-402355949613728088=992836-problema&amp;amp;amp;amp;amp;info@refresh-dental.de.html","1597276800","['phishing']"
"http:/kleanup.com/artikel-402355949613728088&amp;cgi3-viewkontakt-402355949613728088-007acctpagetype-402355949613728088=992836-problema&amp;info@refresh-dental.de.html","1597276800","['phishing']"
"http:/kleanup.com/artikel-96189867488497532&amp;amp;amp;amp;cgi3-viewkontakt-96189867488497532-007acctpagetype-96189867488497532=55798-problema&amp;amp;amp;amp;info@ringfoto-becker.de.html","1597276800","['malware']"
"http:/kleanup.com/artikel-96189867488497532&amp;cgi3-viewkontakt-96189867488497532-007acctpagetype-96189867488497532=55798-problema&amp;info@ringfoto-becker.de.html","1597276800","['phishing']"
"http:/kleanup.com/artikel-96189867488497532&cgi3-viewkontakt-96189867488497532-007acctpagetype-96189867488497532=55798-problema&info@ringfoto-becker.de.html","1597276800","['phishing']"
"http:/kuconline.com/sois/jpgraph/erroreng/erroreng/erroreng/ii.php?email=invest@tsmc.com","1597276800","['phishing']"
"http:/members.ii.net/~dnicks@netspace.net.au/ll/zib_new.html","1597276800","['phishing']"
"http:/mitwpu.ac.in/nzspk5021032031903@xt.ra.confi9045184218rm.nz/nzsprk","1597276800","['phishing']"
"http:/myfitnessboost.de/privi/privi/002/cmd-login=6c1c6cdadb2e32d8c8cf9aa93f4fb07c/?email=nobody@mycraftmail.com","1597276800","['malware']"
"http:/mythuatvietnam.edu.vn/wp-content/plugins/apikey/m64421/post/china/logistics/index.php?email=darren.liu@expeditors.com","1597276800","['phishing']"
"http:/myweb.westnet.com.au/~jamesrose@netspace.net.au/xx/zib_new.html","1597276800","['phishing']"
"http:/omdream.com.br/wp-contents/primedocs/docuimage/?email=nobody@mycraftmail.com","1597276800","['phishing']"
"http:/part.eyrehead.com/gl?bc=zh9wlg9qbgkclbglkm1lahzxykkejgppakzgy34/caprescreen@ahs.ca","1597276800","['phishing']"
"http:/part.eyrehead.com/qwy?qr=zh9wlg9qbgkclbglkm1lahzxykkejgtiakzgy34/dan@ee.ryerson.ca","1597276800","['phishing']"
"http:/purchaseorder-com.preview-domain.com/?email=niclas.matthias@anvajo.com","1597276800","['phishing']"
"http:/qanfin.com/entscheidung-00589866568065279&cgi3-viewkontakt-00589866568065279-007acctpagetype-00589866568065279=247185-gesendet&service@sanitaerdiscounter.de.html","1597276800","['phishing']"
"http:/qanfin.com/entscheidung-021954669485280004&cgi3-viewkontakt-021954669485280004-007acctpagetype-021954669485280004=28994-gesendet&info-petitkl@netcologne.de.html","1597276800","['phishing']"
"http:/qanfin.com/entscheidung-175888624340&amp;cgi3-viewkontakt-175888624340-007acctpagetype-175888624340=20360-gesendet&amp;office@multimediatrend.de.html","1597276800","['malware']"
"http:/qanfin.com/entscheidung-21966814402794991&amp;cgi3-viewkontakt-21966814402794991-007acctpagetype-21966814402794991=677201-gesendet&amp;abs@ambi-bike.de.html","1597276800","['phishing']"
"http:/qanfin.com/entscheidung-244565902963&amp;cgi3-viewkontakt-244565902963-007acctpagetype-244565902963=783986-gesendet&amp;info@p4-immobilien.de.html","1597276800","['phishing']"
"http:/qanfin.com/entscheidung-269624674006659988&amp;cgi3-viewkontakt-269624674006659988-007acctpagetype-269624674006659988=30362-gesendet&amp;ebay@koka-automaten.de.html","1597276800","['phishing']"
"http:/qanfin.com/entscheidung-2818050661936&amp;cgi3-viewkontakt-2818050661936-007acctpagetype-2818050661936=539468-gesendet&amp;info@tito-express.de.html","1597276800","['phishing']"
"http:/qanfin.com/entscheidung-2921762744774708&amp;cgi3-viewkontakt-2921762744774708-007acctpagetype-2921762744774708=7541394-gesendet&amp;wolter@top-wert.de.html","1597276800","['phishing']"
"http:/qanfin.com/entscheidung-29911944966356113&amp;cgi3-viewkontakt-29911944966356113-007acctpagetype-29911944966356113=0633385-gesendet&amp;info@acs-budo.de.html","1597276800","['phishing']"
"http:/qanfin.com/entscheidung-381229286738850&cgi3-viewkontakt-381229286738850-007acctpagetype-381229286738850=3836291-gesendet&nc-petitkl@netcologne.de.html","1597276800","['phishing']"
"http:/qanfin.com/entscheidung-44883303940288&amp;cgi3-viewkontakt-44883303940288-007acctpagetype-44883303940288=216442-gesendet&amp;ebay@werkzeughandel-bauer.de.html","1597276800","['phishing']"
"http:/qanfin.com/entscheidung-44883303940288&cgi3-viewkontakt-44883303940288-007acctpagetype-44883303940288=216442-gesendet&ebay@werkzeughandel-bauer.de.html","1597276800","['phishing']"
"http:/qanfin.com/entscheidung-48361965797140&amp;cgi3-viewkontakt-48361965797140-007acctpagetype-48361965797140=3374442-gesendet&amp;ebayshop2011@psg-elektronik.de.html","1597276800","['phishing']"
"http:/qanfin.com/entscheidung-522603576371783577&amp;cgi3-viewkontakt-522603576371783577-007acctpagetype-522603576371783577=488050-gesendet&amp;info@eurostarter.de.html","1597276800","['phishing']"
"http:/qanfin.com/entscheidung-563844640121&amp;cgi3-viewkontakt-563844640121-007acctpagetype-563844640121=0069262-gesendet&amp;info@used-shoes.com.html","1597276800","['phishing']"
"http:/qanfin.com/entscheidung-57444950587821&amp;cgi3-viewkontakt-57444950587821-007acctpagetype-57444950587821=7705770-gesendet&amp;book@artexpress24.com.html","1597276800","['malware']"
"http:/qanfin.com/entscheidung-576200990337154&amp;cgi3-viewkontakt-576200990337154-007acctpagetype-576200990337154=63659-gesendet&amp;info@gezu-impex.com.html","1597276800","['phishing']"
"http:/qanfin.com/entscheidung-576200990337154&cgi3-viewkontakt-576200990337154-007acctpagetype-576200990337154=63659-gesendet&info@gezu-impex.com.html","1597276800","['phishing']"
"http:/qanfin.com/entscheidung-607134569554992&amp;cgi3-viewkontakt-607134569554992-007acctpagetype-607134569554992=48452-gesendet&amp;ebay-schrozberg@stabilo-gmbh.de.html","1597276800","['phishing']"
"http:/qanfin.com/entscheidung-616117798919447&amp;cgi3-viewkontakt-616117798919447-007acctpagetype-616117798919447=179173-gesendet&amp;ebay-schrozberg@stabilo-gmbh.de.html","1597276800","['phishing']"
"http:/qanfin.com/entscheidung-74066420620482&cgi3-viewkontakt-74066420620482-007acctpagetype-74066420620482=466572-gesendet&hgm-info@netcologne.de.html","1597276800","['phishing']"
"http:/qanfin.com/entscheidung-817277406681628&amp;cgi3-viewkontakt-817277406681628-007acctpagetype-817277406681628=33445-gesendet&amp;ebay@aluminium-shop-pirmasens.com.html","1597276800","['malware']"
"http:/qanfin.com/entscheidung-96722970356498&amp;cgi3-viewkontakt-96722970356498-007acctpagetype-96722970356498=59999-gesendet&amp;ebay@brille-im-internet.de.html","1597276800","['phishing']"
"http:/qanfin.com/entscheidung-988991056207716604&amp;cgi3-viewkontakt-988991056207716604-007acctpagetype-988991056207716604=766371-gesendet&amp;info@tito-express.de.html","1597276800","['phishing']"
"http:/shoppingkila.com/t/uas/index.php?email=amjad.qadir@jsbl.com","1597276800","['phishing']"
"http:/sjchildren.org/.efe/dhlauto/index.php?email=seedienstberlin@gmx.de","1597276800","['phishing']"
"http:/smprintingpress.com/webmail/webmail.php?email=bob.gibson@goya.com","1597276800","['phishing']"
"http:/userdff3aa3ad.el.r.appspot.com/%23joseph.hsu@chemours.com","1597276800","['phishing']"
"http:/vizzwebsolutions.com/wetransfarr/login.php?logn=phishing-report@us-cert.gov","1597276800","['phishing']"
"http:/wasinipillipipa.com/css/ad/qmails/web/enx.php?email=bxqj@bxqj.com","1597276800","['phishing']"
"http:/windcomtechnologies.com/wizzymax@pakcountrysecurity_wupewkknfv91.bin","1597276800","['malware']"
"http:/wwa.net.au/wp-content/ged/ejaya/laco.php?websrc=59c275dc2e97dd3b896ed4ff2b82a8fd&dispatched=61&id=7773041046&email=korzuni@gorodissky.ru","1597276800","['phishing']"
"http:/wwa.net.au/wp-content/ged/ejaya/laco.php?websrc=59c275dc2e97dd3b896ed4ff2b82a8fd&dispatched=79&id=8338797007&email=shalhevett@egged.co.il","1597276800","['phishing']"
"http:/www.glow.co.in/wp-includes/ixr/hakam%20new/piled.php?email=jim@thejimburkefamily.com","1597276800","['phishing']"
"http:/www.inbioma.pe/problem-18837523814886&amp;cgi3-viewkontakt-18837523814886-007acctpagetype-18837523814886=10739-&amp;info@agrarking.de.html","1597276800","['phishing']"
"http:/www.inbioma.pe/problem-18837523814886&cgi3-viewkontakt-18837523814886-007acctpagetype-18837523814886=10739-&info@agrarking.de.html","1597276800","['phishing']"
"http:/www.inbioma.pe/problem-91526856960486565&amp;cgi3-viewkontakt-91526856960486565-007acctpagetype-91526856960486565=61314-&amp;info@agrarking.de.html","1597276800","['phishing']"
"http:/www.inbioma.pe/problem-91526856960486565&cgi3-viewkontakt-91526856960486565-007acctpagetype-91526856960486565=61314-&info@agrarking.de.html","1597276800","['phishing']"
"http:/www.inbioma.pe/rechnung-13672562887561373&amp;cgi3-viewkontakt-13672562887561373-007acctpagetype-13672562887561373=6432238-&amp;info@agrarking.de.html","1597276800","['phishing']"
"http:/www.inbioma.pe/rechnung-13672562887561373&cgi3-viewkontakt-13672562887561373-007acctpagetype-13672562887561373=6432238-&info@agrarking.de.html","1597276800","['phishing']"
"http:/www.inbioma.pe/rechnung-677324519793270&amp;cgi3-viewkontakt-677324519793270-007acctpagetype-677324519793270=778346-&amp;info@agrarking.de.html","1597276800","['phishing']"
"http:/www.inbioma.pe/rechnung-677324519793270&cgi3-viewkontakt-677324519793270-007acctpagetype-677324519793270=778346-&info@agrarking.de.html","1597276800","['phishing']"
"http:/www.inbioma.pe/rechnung-806200247032912&amp;cgi3-viewkontakt-806200247032912-007acctpagetype-806200247032912=235495-&amp;info-mtw@web.de.html","1597276800","['phishing']"
"http:/www.inbioma.pe/rechnung-85510707610139458&amp;cgi3-viewkontakt-85510707610139458-007acctpagetype-85510707610139458=6135754-&amp;info@agrarking.de.html","1597276800","['phishing']"
"http:/www.inbioma.pe/rechnung-85510707610139458&cgi3-viewkontakt-85510707610139458-007acctpagetype-85510707610139458=6135754-&info@agrarking.de.html","1597276800","['phishing']"
"http:/www.inbioma.pe/rechnung-912774423979&amp;cgi3-viewkontakt-912774423979-007acctpagetype-912774423979=5115010-&amp;info@agrarking.de.html","1597276800","['phishing']"
"http:/www.inbioma.pe/rechnung-912774423979&cgi3-viewkontakt-912774423979-007acctpagetype-912774423979=5115010-&info@agrarking.de.html","1597276800","['phishing']"
"http:/www.login-microsoft-0nline.ts.r.appspot.com/jim@thejimburkefamily.com","1597276800","['phishing']"
"http:/xh167894743.el.r.appspot.com/jsmith@imaphost.com","1597276800","['phishing']"
"http:/xtronbikewear.co.uk/ric/animated/office365/source/index.php?email=contact-aec@churchofjesuschrist.org","1597276800","['phishing']"
"https:/20200728045627-dot-s2pe7ed9y.rj.r.appspot.com/office/index.html?username=antenore.lazzarin@cchellenic.com","1597276800","['phishing']"
"https:/20200728113522-dot-t6yq5rw.rj.r.appspot.com/rx/index.html?username=zarko.marinovic@fcab.cl","1597276800","['phishing']"
"https:/20200728120855-dot-res4po1ns5ive.rj.r.appspot.com/sw/index.html?username=cchbc.direct-all@cchellenic.com","1597276800","['phishing']"
"https:/20200728121023-dot-res4po1ns5ive.rj.r.appspot.com/sw/index.html?username=cchbc.indirect.procurement-personnel_travel@cchellenic.com","1597276800","['phishing']"
"https:/20200728121457-dot-res4po1ns5ive.rj.r.appspot.com/sw/index.html?username=cchbc.procurement.all@cchellenic.com","1597276800","['phishing']"
"https:/20200810050716-dot-s2pe7ed9y.rj.r.appspot.com/office/index.html?username=kristina.potocnakova@epicor.com","1597276800","['phishing']"
"https:/20200811075148-dot-s2pe7ed9y.rj.r.appspot.com/office/index.html?username=elmeri.kryssi@optiplan.fi","1597276800","['phishing']"
"https:/227777.jp/wp/westy/laco.php?websrc=59c275dc2e97dd3b896ed4ff2b82a8fd&dispatched=25&id=2717263483&email=grace.saliba@saradarbank.com","1597276800","['phishing']"
"https:/akasakadenki.com/wordpress/ruwes/westy/power.php?websrc=59c275dc2e97dd3b896ed4ff2b82a8fd&dispatched=77&id=1307334917&email=xberthe@astromed.com","1597276800","['phishing']"
"https:/androdioecious-dril.000webhostapp.com/linkedautolink/linkedin/index.php?email=jim@thejimburkefamily.com","1597276800","['phishing']"
"https:/bukzoloto.com/scring/tyroundcubepage?user=info@ohiocat.com","1597276800","['phishing']"
"https:/carmond.com.au/cp/office365/?email=nope@nope.nope","1597276800","['phishing']"
"https:/carsndeals.com/new/wt?email=kancelaria@mir.gov.pl","1597276800","['phishing']"
"https:/firebasestorage.googleapis.com/v0/b/authicationapi.appspot.com/o/index.html?alt=media&token=ec98d024-cd36-4129-a6fa-c5ef42fe5834&id=user@domain.ch","1597276800","['phishing']"
"https:/godwinz.hashtagweb.co.za/ssh/go/ejaya/laco.php?websrc=59c275dc2e97dd3b896ed4ff2b82a8fd&dispatched=96&id=9722956395&email=ncj@arrl.org","1597276800","['phishing']"
"https:/islamic-literacy.org/34589453/node/documents/files/login.php?l=_jehfuq_vjoxk0qwhtogydw1774256418&fid.13inboxlight.aspxn.1774256418&fid.125289964252813inboxlight99642_product-email&email=sales@exatorq.com","1597276800","['phishing']"
"https:/jmpartsolutions.com.co/anfrage-5548151893980682&amp;cgi3-geschlossen-5548151893980682-009acctpagetype-5548151893980682=4294010-anfrage&amp;info@magic-guitar-parts.com.html","1597276800","['phishing']"
"https:/jmpartsolutions.com.co/anfrage-5548151893980682&cgi3-geschlossen-5548151893980682-009acctpagetype-5548151893980682=4294010-anfrage&info@magic-guitar-parts.com.html","1597276800","['phishing']"
"https:/kashiodenki.com/wordpress/passport/westy/power.php?websrc=59c275dc2e97dd3b896ed4ff2b82a8fd&dispatched=68&id=4683553952&email=tips@sbcso.org","1597276800","['phishing']"
"https:/katelambrick.com.au/wp-content/cs/savage/?email=jacky.123@qwe.com","1597276800","['phishing']"
"https:/kleanup.com/artikel-0715668105701162&amp;cgi3-viewkontakt-0715668105701162-007acctpagetype-0715668105701162=734969-problema&amp;info@sirina44.de.html","1597276800","['phishing']"
"https:/kleanup.com/artikel-0715668105701162&cgi3-viewkontakt-0715668105701162-007acctpagetype-0715668105701162=734969-problema&info@sirina44.de.html","1597276800","['phishing']"
"https:/kleanup.com/artikel-402355949613728088&cgi3-viewkontakt-402355949613728088-007acctpagetype-402355949613728088=992836-problema&info@refresh-dental.de.html","1597276800","['phishing']"
"https:/kleanup.com/artikel-96189867488497532&amp;cgi3-viewkontakt-96189867488497532-007acctpagetype-96189867488497532=55798-problema&amp;info@ringfoto-becker.de.html","1597276800","['phishing']"
"https:/life-is-good.work/unzip/westy/power.php?websrc=59c275dc2e97dd3b896ed4ff2b82a8fd&dispatched=97&id=1275260463&email=judy.scott@qehealth.co.nz","1597276800","['phishing']"
"https:/login-microsoft-online-secure.nw.r.appspot.com/jim@thejimburkefamily.com","1597276800","['phishing']"
"https:/mlcrosoft-0nedrive-portal.el.r.appspot.com/jsmith@imaphost.com","1597276800","['phishing']"
"https:/mmwebmail-87703.web.app/#sales@doherty.hu","1597276800","['phishing']"
"https:/mxxcnbvghjhgfghjtreee.duckdns.org/trade/dhl%20auto/index.php?email=rayaneh@parsonline.net","1597276800","['phishing']"
"https:/open-way-view.ga/a.mazzini@brambati.it/sharepoint.php?cmd=login_submit&id=8a55a979875b2bebd8846e7eb50c18628a55a979875b2bebd8846e7eb50c1862&session=8a55a979875b2bebd8846e7eb50c18628a55a979875b2bebd8846e7eb50c1862","1597276800","['phishing']"
"https:/outlook-0ffice365-microsoft.df.r.appspot.com/root@gmail.com","1597276800","['phishing']"
"https:/part.eyrehead.com/ktz?za=zh9wlg9qbgkclbglkm1lahzxykcdomzjcgkjy31y/abuse@ethz.ch","1597276800","['phishing']"
"https:/pistolclothing.com.au/server/update/webmail.php?userid=info75298@vbspamtest.com","1597276800","['phishing']"
"https:/preconceived-cells.000webhostapp.com/go/linkedin.business/linkedin.com/linkedin.com/login.php?email=jsmith@imaphost.com","1597276800","['phishing']"
"https:/pricealert.pk/wp-content/themes/twentytwenty/sf/login.php?l=_jehfuq_vjoxk0qwhtogydw1774256418&fid.13inboxlight.aspxn.1774256418&fid.125289964252813inboxlight99642_product-email&email=test@test.com","1597276800","['phishing']"
"https:/purelondonhyg.com/wp-content/uploads/carter@new-irnaging=notstartup_encrypted_47bc210.bin","1597276800","['malware']"
"https:/qanfin.com/entscheidung-19268099392033&cgi3-viewkontakt-19268099392033-007acctpagetype-19268099392033=7051587-gesendet&ebay@katag-onlineshops.de.html","1597276800","['phishing']"
"https:/qanfin.com/entscheidung-251721443272898&cgi3-viewkontakt-251721443272898-007acctpagetype-251721443272898=04569-gesendet&mukireifen@reifen-breitenmoser.de.html","1597276800","['phishing']"
"https:/qanfin.com/entscheidung-381229286738850&cgi3-viewkontakt-381229286738850-007acctpagetype-381229286738850=3836291-gesendet&nc-petitkl@netcologne.de.html","1597276800","['phishing']"
"https:/qanfin.com/entscheidung-4259694300840194&cgi3-viewkontakt-4259694300840194-007acctpagetype-4259694300840194=57345-gesendet&ebay@herrenmodeshop.com.html","1597276800","['phishing']"
"https:/qanfin.com/entscheidung-616117798919447&cgi3-viewkontakt-616117798919447-007acctpagetype-616117798919447=179173-gesendet&ebay-schrozberg@stabilo-gmbh.de.html","1597276800","['phishing']"
"https:/qanfin.com/entscheidung-74066420620482&cgi3-viewkontakt-74066420620482-007acctpagetype-74066420620482=466572-gesendet&hgm-info@netcologne.de.html","1597276800","['phishing']"
"https:/qanfin.com/entscheidung-84789884483411&cgi3-viewkontakt-84789884483411-007acctpagetype-84789884483411=88888-gesendet&wolter@top-wert.de.html","1597276800","['phishing']"
"https:/qanfin.com/entscheidung-87536869140192725&cgi3-viewkontakt-87536869140192725-007acctpagetype-87536869140192725=65499-gesendet&info@vskunststoffverpackung.de.html","1597276800","['phishing']"
"https:/qanfin.com/entscheidung-941540552996133&cgi3-viewkontakt-941540552996133-007acctpagetype-941540552996133=891208-gesendet&info@erdt-baumaschinen.de.html","1597276800","['phishing']"
"https:/riagino.com/k/6/index.php?email=kate.miller@c2fo.com","1597276800","['phishing']"
"https:/sapient-flare-279107.df.r.appspot.com/jsmith@imaphost.com","1597276800","['phishing']"
"https:/son-ishikawa.com/perce/westy/power.php?websrc=59c275dc2e97dd3b896ed4ff2b82a8fd&dispatched=99&id=3355920542&email=cmutchler@3drinc.com","1597276800","['phishing']"
"https:/storage.googleapis.com/4sss/login.html#bryan.jen@fametech.com.tw","1597276800","['phishing']"
"https:/user23546576879809ip.dt.r.appspot.com/%23root@gmail.com","1597276800","['phishing']"
"https:/vbf9iuherwiu.wl.r.appspot.com/jsmith@imaphost.com","1597276800","['phishing']"
"https:/voicemail8x8cjh0m3d3kfki30zes7j0imzo8f6zos.s3.us-east-2.amazonaws.com/index.htm?c=sthomas@ohiocatholicfcu.com","1597276800","['phishing']"
"https:/www.123formbuilder.com/form-5545264/slgn-ln-outlook?email=s.damjanac@iaea.org","1597276800","['phishing']"
"https:/www.alfazen.com.tr/entscheidung-289766933443&amp;cgi3-viewkontakt-289766933443-007acctpagetype-289766933443=59298-gesendet&amp;info@spielzeugparadies-berlin.de.html","1597276800","['phishing']"
"https:/www.alfazen.com.tr/entscheidung-289766933443&cgi3-viewkontakt-289766933443-007acctpagetype-289766933443=59298-gesendet&info@spielzeugparadies-berlin.de.html","1597276800","['phishing']"
"https:/www.davidwinogrondspacetet.com/0/msgdelivery/pending/error.php?email=hein.pretorius@fin-q.com","1597276800","['phishing']"
"https:/www.voyager777.com/office366/f503507cf25668ca09a40a7d0613bc23/login.php?websrc=59c275dc2e97dd3b896ed4ff2b82a8fd&dispatched=80&id=5189919013&email=taylor.bradbury@powderpure.com","1597276800","['phishing']"
"https:/xpssa.000webhostapp.com/linkedin.business/linkedin.com/linkedin.com/post.php?email=jsmith@imaphost.com","1597276800","['phishing']"
"https:/yamamoto-miho.com/inlov/westy/laco.php?websrc=59c275dc2e97dd3b896ed4ff2b82a8fd&dispatched=36&id=9591326786&email=nikolaja.podgorsek-selic@cinkarna.si","1597276800","['phishing']"
"https:/yatay.org/vikuwlk/scraechluser.php?user=info@ohiocat.com","1597276800","['phishing']"
"https:/youweb-bancobpm-it-481e2a1e8090ee58bf3f088e7bc692b1.secureonline.digital/webht/index.php?apikey=bc0ef73fdea25e5cf3fd3ed&email=info@d3lab.it","1597276800","['phishing']"
"i.imgur.com/sjg8cqz.png","1597276800","['generic']"
"ia801402.us.archive.org/27/items/henchl/henchl.html","1597276800","['generic']"
"icq.im/johnmedu","1597276800","['generic']"
"inpost.generujkod.app/download/25/inpost.apk","1597276800","['generic']"
"inpost.generujkod.app/play.google","1597276800","['generic']"
"inpost.generujkod.app/pobierz","1597276800","['generic']"
"inpost.paczkomaty.app/download/inpost_paczkomaty.apk","1597276800","['generic']"
"inpost.paczkomaty.app/play.google","1597276800","['generic']"
"inpost.paczkomaty.app/pobierz","1597276800","['generic']"
"installerflas3896.xyz/apiservices-files4196/down","1597276800","['generic']"
"iphonefreesavecheap.xyz/iphone.apk","1597276800","['generic']"
"kinostanbulfilm.com/wp-keys.php","1597276800","['generic']"
"loadagent.casa/background.png","1597276800","['c2']"
"loadfreeman.casa/background.png","1597276800","['generic']"
"mediafire.com/file/xdw98prrad3uhas/eximex-lahetysasiakirjat.7z/file","1597276800","['generic']"
"merter.shop/wp-keys.php","1597276800","['generic']"
"methane.duckdns.org/index.php","1597276800","['c2']"
"mscbsgob-es.social/set.apk","1597276800","['generic']"
"myadvision.com/wp-keys.php","1597276800","['generic']"
"neatspy.vip/system-service.apk","1597276800","['generic']"
"officelog.org/dsd/nb.msi","1597276800","['generic']"
"online-btk-mobil-cep-giris.tk/btk%20mobil.apk","1597276800","['generic']"
"operatorcevirdikcekazan.ml/cevirdikcekazan.apk","1597276800","['generic']"
"order.cannoninstrument.co/purchaseorder.exe","1597276800","['generic']"
"p-andemi-destek-sosyl.com/edestek.apk","1597276800","['generic']"
"p7hne.com/iz5/yaca.php?l=t.co/vjwiogaavo","1597276800","['generic']"
"pandemi-destek-paketi.com/pandemidestek.apk","1597276800","['generic']"
"pandemi-ek-kayit.online/tr/hediye20gb.apk","1597276800","['generic']"
"pandemi-ek-kayit.online/yukle/edestek.apk","1597276800","['generic']"
"pandemi-sos-yal-des-tek.com/edestek.apk","1597276800","['generic']"
"pandemidestegi.online/yukle/edestek.apk","1597276800","['generic']"
"pandemidestekhaftasi.unaux.com/pandemidestek.apk","1597276800","['generic']"
"pandemidesteklerisizlerle.com/edestek.apk","1597276800","['generic']"
"parts.avtosprava.com/wp-keys.php","1597276800","['generic']"
"pasca.fapet.ub.ac.id/wp-keys.php","1597276800","['generic']"
"pastebin.com/raw/5wdmf1e6","1597276800","['c2']"
"pastebin.com/raw/r5gniegh","1597276800","['c2']"
"pc.shindiristudio.com/wp-keys.php","1597276800","['generic']"
"pick20shop.shop/wp-keys.php","1597276800","['generic']"
"play-brazzers.ru/load2/adodeflashplayer.apk","1597276800","['generic']"
"plumberwarsawindiana.club/wp-keys.php","1597276800","['generic']"
"postkod.org/pl/inpost.kod-odbioru.net/pobierz","1597276800","['generic']"
"postkod.org/pl/inpost.kod-odbioru.net/pobierz/inpost.apk","1597276800","['generic']"
"posviat.ru/wp-keys.php","1597276800","['generic']"
"preoccupationology.com/thisshit","1597276800","['generic']"
"purchasingmanagers.club/flowejg","1597276800","['c2']"
"purchasingmanagers.club/flowfad","1597276800","['c2']"
"qnbfinansenparacepsube2020.com/turk-chat.apk","1597276800","['generic']"
"ruths-brownies.com/adbanner/*fr.exe","1597276800","['generic']"
"ruths-brownies.com/adbanner/ololomadam.php","1597276800","['generic']"
"sadadsdascxzzxzx.s3.eu-central-1.amazonaws.com/evdekaliyorum.apk","1597276800","['generic']"
"sandiegoseaworldtickets.com/baba","1597276800","['generic']"
"scoutadvisors.com/wp-keys.php","1597276800","['generic']"
"share-file.icu/1.apk","1597276800","['generic']"
"sharebetting.tips/tmp/spain/dados.txt","1597276800","['generic']"
"shurt.pw/2275tldestek","1597276800","['generic']"
"shurt.pw/bmvxkf","1597276800","['generic']"
"silalang.go.th/wp-keys.php","1597276800","['generic']"
"solfacts.com/smjw6q7/*otroms29378.exe","1597276800","['generic']"
"solfacts.com/smjw6q7/antarktida.php","1597276800","['generic']"
"sosyaldestekpandemi.ml/login","1597276800","['generic']"
"sosyaldestekpandemi.ml/login/edestek.apk","1597276800","['generic']"
"spy-datacenter.com/send_data.php","1597276800","['generic']"
"spyzie.online/system-service.apk","1597276800","['generic']"
"technohayats.xyz/files/covidtracker.apk","1597276800","['generic']"
"thirdchidet.com/dept/popopo.png","1597276800","['generic']"
"tizamedya.com/o1o","1597276800","['c2']"
"tr-btk-online-giris.ml/btk%20mobil.apk","1597276800","['generic']"
"tr-dijital-btk-duyurular.tk/sosyal%20hizmet.apk","1597276800","['generic']"
"tr-netflix.com/indir.html","1597276800","['generic']"
"tr-netflix.com/netflix.apk","1597276800","['generic']"
"tr-online-btk-mobil.ml/btk%20mobil.apk","1597276800","['generic']"
"trackier.vip/system-service.apk","1597276800","['generic']"
"trashbox.ru/files10/1029734_03b8bc/com.lsdroid.cerberus_3.6_273599.apk","1597276800","['generic']"
"trustedsec.com/wp-content/uploads/2020/05/sonofa.jpg","1597276800","['c2']"
"tweaktv.cc/apk/netflix.apk","1597276800","['generic']"
"uc289394.duckdns.org/uc/salvado.exe","1597276800","['c2']"
"unitedstdyfrkesokoriorimistreetsm46utr.duckdns.org/chnsfrnd1/vbc.exe","1597276800","['generic']"
"vontech.com.sg/gigelman.exe","1597276800","['generic']"
"waitalone.oss-ap-southeast-3.aliyuncs.com/moonlike.txt","1597276800","['c2']"
"web.emergingsun.com/setup.exe","1597276800","['generic']"
"web.heartyian.com/setup.exe","1597276800","['generic']"
"web.rpasfoundation.org/setup.exe","1597276800","['generic']"
"xpodip.ir/5311qjmikurawepedalnqmashrabotatuk61119123c","1597276800","['generic']"
"yandexmau2.temp.swtest.ru/download.php","1597276800","['generic']"
"yandexmau2.temp.swtest.ru/load.php?load","1597276800","['generic']"
"yenidestekpaketi.net/edestek.apk","1597276800","['generic']"
